,DateApprovedTS,LoanNumber
0,2020-04-03,9296
1,2020-04-04,16015
2,2020-04-05,18945
3,2020-04-06,27230
4,2020-04-07,36468
5,2020-04-08,34476
6,2020-04-09,37494
7,2020-04-10,38276
8,2020-04-11,29278
9,2020-04-12,13817
10,2020-04-13,35624
11,2020-04-14,47317
12,2020-04-15,58045
13,2020-04-16,13304
14,2020-04-21,2
15,2020-04-27,40479
16,2020-04-28,47499
17,2020-04-29,20231
18,2020-04-30,22421
19,2020-05-01,70561
20,2020-05-02,1913
21,2020-05-03,2036
22,2020-05-04,2103
23,2020-05-05,2028
24,2020-05-06,1802
25,2020-05-07,1475
26,2020-05-08,1404
27,2020-05-09,225
28,2020-05-10,107
29,2020-05-11,973
30,2020-05-12,931
31,2020-05-13,878
32,2020-05-14,810
33,2020-05-15,818
34,2020-05-16,136
35,2020-05-17,95
36,2020-05-18,683
37,2020-05-19,731
38,2020-05-20,703
39,2020-05-21,647
40,2020-05-22,564
41,2020-05-23,69
42,2020-05-24,41
43,2020-05-25,60
44,2020-05-26,553
45,2020-05-27,552
46,2020-05-28,464
47,2020-05-29,449
48,2020-05-30,75
49,2020-05-31,37
50,2020-06-01,390
51,2020-06-02,420
52,2020-06-03,430
53,2020-06-04,368
54,2020-06-05,451
55,2020-06-06,45
56,2020-06-07,30
57,2020-06-08,359
58,2020-06-09,297
59,2020-06-10,304
60,2020-06-11,327
61,2020-06-12,373
62,2020-06-13,87
63,2020-06-14,48
64,2020-06-15,371
65,2020-06-16,516
66,2020-06-17,466
67,2020-06-18,582
68,2020-06-19,496
69,2020-06-20,101
70,2020-06-21,43
71,2020-06-22,479
72,2020-06-23,545
73,2020-06-24,543
74,2020-06-25,625
75,2020-06-26,733
76,2020-06-27,222
77,2020-06-28,184
78,2020-06-29,695
79,2020-06-30,732
80,2020-07-04,5
81,2020-07-06,70
82,2020-07-07,75
83,2020-07-08,78
84,2020-07-09,96
85,2020-07-10,122
86,2020-07-11,8
87,2020-07-12,5
88,2020-07-13,157
89,2020-07-14,200
90,2020-07-15,180
91,2020-07-16,194
92,2020-07-17,171
93,2020-07-18,19
94,2020-07-19,30
95,2020-07-20,236
96,2020-07-21,210
97,2020-07-22,211
98,2020-07-23,228
99,2020-07-24,223
100,2020-07-25,37
101,2020-07-26,19
102,2020-07-27,217
103,2020-07-28,259
104,2020-07-29,253
105,2020-07-30,275
106,2020-07-31,235
107,2020-08-01,32
108,2020-08-02,18
109,2020-08-03,301
110,2020-08-04,342
111,2020-08-05,345
112,2020-08-06,397
113,2020-08-07,472
114,2020-08-08,131
115,2020-12-08,3
116,2020-12-14,1
117,2021-01-13,5
118,2021-01-14,160
119,2021-01-15,284
120,2021-01-16,3814
121,2021-01-17,2323
122,2021-01-19,4562
123,2021-01-20,10428
124,2021-01-21,10151
125,2021-01-22,9984
126,2021-01-23,10258
127,2021-01-25,9154
128,2021-01-26,6084
129,2021-01-27,8637
130,2021-01-28,8580
131,2021-01-29,7805
132,2021-01-30,8352
133,2021-01-31,4340
134,2021-02-01,2765
135,2021-02-02,5142
136,2021-02-03,6894
137,2021-02-04,6950
138,2021-02-05,6655
139,2021-02-06,7346
140,2021-02-07,3364
141,2021-02-08,3631
142,2021-02-09,4456
143,2021-02-10,5913
144,2021-02-11,5197
145,2021-02-12,6484
146,2021-02-13,5377
147,2021-02-14,2247
148,2021-02-16,1834
149,2021-02-17,4140
150,2021-02-18,4318
151,2021-02-19,4566
152,2021-02-20,4496
153,2021-02-22,3083
154,2021-02-23,2493
155,2021-02-24,5439
156,2021-02-25,4162
157,2021-02-26,3322
158,2021-02-27,1774
159,2021-03-01,1479
160,2021-03-02,1515
161,2021-03-03,1542
162,2021-03-04,1474
163,2021-03-05,1457
164,2021-03-06,1445
165,2021-03-08,1098
166,2021-03-09,929
167,2021-03-10,1314
168,2021-03-12,11588
169,2021-03-13,5483
170,2021-03-15,1682
171,2021-03-16,3142
172,2021-03-17,2962
173,2021-03-18,2766
174,2021-03-20,5139
175,2021-03-23,3285
176,2021-03-24,2506
177,2021-03-25,2755
178,2021-03-26,2740
179,2021-03-27,2327
180,2021-03-28,1023
181,2021-03-29,379
182,2021-03-30,1199
183,2021-03-31,4708
184,2021-04-01,1457
185,2021-04-02,1271
186,2021-04-03,1045
187,2021-04-04,272
188,2021-04-05,82
189,2021-04-06,665
190,2021-04-07,835
191,2021-04-08,969
192,2021-04-09,1087
193,2021-04-10,652
194,2021-04-11,524
195,2021-04-12,90
196,2021-04-13,694
197,2021-04-14,856
198,2021-04-15,859
199,2021-04-16,774
200,2021-04-17,659
201,2021-04-18,196
202,2021-04-19,56
203,2021-04-20,630
204,2021-04-21,786
205,2021-04-22,457
206,2021-04-23,940
207,2021-04-24,644
208,2021-04-26,290
209,2021-04-27,507
210,2021-04-28,675
211,2021-04-29,586
212,2021-04-30,609
213,2021-05-01,554
214,2021-05-02,233
215,2021-05-03,23
216,2021-05-05,431
217,2021-05-07,618
218,2021-05-11,449
219,2021-05-12,408
220,2021-05-13,107
221,2021-05-14,133
222,2021-05-15,132
223,2021-05-16,36
224,2021-05-17,11
225,2021-05-18,1117
226,2021-05-19,86
227,2021-05-20,133
228,2021-05-21,166
229,2021-05-22,93
230,2021-05-23,127
231,2021-05-25,139
232,2021-05-26,206
233,2021-05-27,293
234,2021-05-28,161
235,2021-05-29,167
236,2021-06-15,140
237,2021-06-16,1
238,2021-06-22,151
239,2021-06-29,79
240,2021-06-30,27
241,2021-07-19,1
