,DateApproved,AK,AL,AR,AS,AZ,CA,CO,CT,DC,DE,FL,GA,GU,HI,IA,ID,IL,IN,KS,KY,LA,MA,MD,ME,MI,MN,MO,MP,MS,MT,NC,ND,NE,NH,NJ,NM,NV,NY,Not Available,OH,OK,OR,PA,PR,RI,SC,SD,TN,TX,UT,VA,VI,VT,WA,WI,WV,WY
0,2020-04-03,28,40,92,0,59,372,137,82,1,2,74,86,7,144,354,130,280,109,398,288,78,428,19,87,143,589,697,1,106,389,68,366,656,116,45,59,27,110,0,274,257,61,224,2,58,21,209,53,448,80,142,0,84,91,505,21,99
1,2020-04-04,84,114,297,0,139,629,360,156,20,5,424,229,3,155,559,101,768,375,455,371,236,633,123,188,365,881,773,0,217,269,153,270,714,132,74,59,44,388,0,473,580,91,546,5,108,101,147,124,1409,165,308,0,88,194,723,82,108
2,2020-04-05,41,582,247,0,286,991,492,275,21,12,803,285,2,309,374,71,1336,448,435,384,301,497,236,230,362,907,672,0,165,102,250,180,250,150,168,45,84,582,0,625,537,104,758,6,159,172,124,263,1775,125,425,2,106,231,765,124,69
3,2020-04-06,80,622,395,0,362,1445,813,424,53,61,887,557,11,191,592,212,1622,647,565,582,453,803,422,281,655,1281,1086,1,275,167,319,250,440,258,365,177,122,819,0,1043,675,131,894,15,138,194,208,438,2424,279,686,0,125,481,928,122,154
4,2020-04-07,105,670,389,0,542,2041,1093,518,73,163,1454,973,9,228,660,317,2018,1071,618,557,548,1187,528,382,1062,1274,1024,1,387,157,757,169,412,385,598,189,221,1104,0,1556,785,212,1298,41,166,397,200,789,3040,345,1088,1,178,837,1305,202,144
5,2020-04-08,80,574,362,0,457,2047,1117,473,74,140,1671,1060,11,160,530,178,1883,978,545,486,511,1043,585,299,1007,1064,984,0,254,129,997,165,313,285,630,172,276,1180,0,1450,642,212,1269,45,154,394,151,763,3023,358,1084,4,143,488,1324,160,92
6,2020-04-09,71,582,275,0,532,2727,832,417,132,100,2044,1270,12,180,493,224,1978,990,464,475,584,882,656,230,1023,1024,944,0,235,144,1162,99,263,198,926,168,246,1613,0,1494,577,375,1662,62,106,481,144,806,3718,299,1215,1,128,702,1259,182,88
7,2020-04-10,72,552,272,1,559,3445,747,424,134,101,2517,1340,11,207,454,221,1631,976,328,398,528,926,653,189,1230,974,765,1,320,134,1219,93,185,217,1119,194,206,2130,0,1583,491,483,1707,47,111,503,122,803,3287,384,1220,5,120,764,938,149,86
8,2020-04-11,59,353,163,0,504,3175,707,430,96,62,2406,929,5,212,171,140,1088,731,252,213,344,806,505,181,880,586,411,0,181,86,920,44,75,134,967,134,150,1779,0,1272,321,444,1180,28,61,613,51,526,2387,282,835,3,73,650,518,103,52
9,2020-04-12,47,181,64,0,197,1740,310,221,51,52,1260,452,5,139,43,80,371,182,69,51,266,437,160,74,449,184,125,3,102,27,348,19,12,83,630,56,52,930,0,551,43,222,617,48,35,375,8,265,1156,138,288,1,35,377,143,27,16
10,2020-04-13,120,501,337,0,585,3411,743,389,130,103,2304,933,12,79,235,208,1232,876,218,292,633,1021,624,145,1199,603,472,2,318,88,888,91,118,184,1313,204,182,2257,0,1732,280,694,1693,78,92,410,92,991,3084,622,853,9,86,1115,552,137,54
11,2020-04-14,168,632,346,0,740,5443,843,457,222,215,3262,1567,10,250,305,212,2088,887,307,436,685,1137,1142,141,1788,689,690,2,313,100,1549,98,144,187,1699,207,370,2782,0,2167,364,722,2516,118,102,607,106,1138,3618,484,1195,23,74,1061,652,201,56
12,2020-04-15,194,620,293,0,815,7327,846,841,284,437,3124,1523,37,276,322,324,2117,830,311,415,947,2231,2046,108,1870,870,719,3,304,109,1159,115,146,390,2253,221,473,5791,0,2015,339,796,3742,175,411,688,130,1034,3914,715,1163,21,78,1184,670,182,97
13,2020-04-16,67,185,69,0,239,2032,172,195,44,46,931,304,23,78,48,53,431,209,39,126,289,361,201,15,554,127,132,3,88,8,272,6,8,49,496,28,133,1247,0,499,46,206,675,177,66,143,20,324,1033,196,203,4,19,226,106,40,13
14,2020-04-21,0,0,0,0,0,1,0,0,0,0,1,0,0,0,0,0,0,0,0,0,0,0,0,0,0,0,0,0,0,0,0,0,0,0,0,0,0,0,0,0,0,0,0,0,0,0,0,0,0,0,0,0,0,0,0,0,0
15,2020-04-27,104,401,185,3,586,6561,649,583,318,108,2371,829,39,124,241,152,1739,551,255,357,635,1085,886,52,1223,595,506,8,169,70,819,72,145,134,1792,204,385,3563,0,1091,199,727,1404,321,120,577,63,693,3113,479,1142,20,38,1287,465,176,65
16,2020-04-28,94,434,180,0,824,8200,764,873,233,112,2833,1269,30,103,212,252,1564,527,261,256,598,1229,864,81,1802,679,456,6,180,70,1228,58,117,167,1987,242,505,4916,0,1202,259,1020,1692,239,144,503,67,808,3589,411,1050,17,51,1620,412,153,56
17,2020-04-29,25,175,63,2,413,3613,365,272,110,38,1599,600,5,44,64,86,453,163,77,106,305,521,417,34,703,170,183,3,49,23,856,11,24,57,872,112,215,1828,0,389,119,431,687,60,96,258,33,394,1600,119,493,16,33,638,154,42,13
18,2020-04-30,35,212,63,1,452,5325,433,264,145,46,2040,800,29,73,44,70,475,177,61,92,209,541,483,36,499,148,137,14,60,15,997,11,22,59,858,140,250,1610,0,337,72,408,641,38,75,291,23,305,1591,178,631,7,22,708,105,49,14
19,2020-05-01,97,214,68,1,2229,17202,1320,847,396,134,5219,1590,2,44,125,180,2923,758,97,341,608,1244,1210,38,2165,540,369,0,47,41,1109,27,49,150,3538,225,1082,8666,8,2311,101,1162,1640,357,138,463,24,333,4705,752,1045,17,24,2007,502,48,29
20,2020-05-02,6,7,2,0,62,502,23,33,15,4,145,48,0,15,0,5,43,12,1,6,4,48,43,0,24,12,11,0,3,1,29,0,0,5,95,10,41,231,0,23,2,33,46,4,4,10,0,18,166,11,40,1,1,59,7,1,1
21,2020-05-03,2,3,1,0,41,612,12,49,14,3,202,38,2,10,1,1,46,13,2,3,4,103,62,2,26,6,10,0,0,0,42,0,0,3,102,2,22,216,0,15,4,38,32,2,16,18,0,8,123,4,43,0,0,76,1,0,1
22,2020-05-04,4,14,3,0,52,494,29,16,14,3,188,102,1,9,11,4,59,18,4,11,10,45,53,4,46,29,13,0,5,4,78,2,4,6,85,6,30,136,0,35,6,37,57,0,5,28,0,22,167,16,72,1,2,54,6,2,1
23,2020-05-05,6,11,8,0,43,438,37,20,18,4,171,64,1,5,4,5,63,18,3,12,16,34,71,3,34,28,18,0,3,7,96,1,6,3,83,16,20,161,0,47,5,28,39,4,7,27,2,22,142,17,61,2,2,62,21,3,6
24,2020-05-06,7,13,4,0,37,356,26,22,11,8,187,61,0,10,1,8,33,10,5,6,9,45,64,3,40,23,15,1,4,1,61,1,4,6,76,6,21,113,0,27,6,29,67,2,4,17,0,25,134,19,72,1,0,55,39,4,3
25,2020-05-07,2,6,2,0,32,281,24,25,7,6,147,57,1,7,9,5,27,9,5,7,15,39,41,3,29,14,7,0,7,4,54,0,2,2,65,6,22,134,0,32,2,28,46,6,4,20,4,17,99,8,48,3,1,31,18,5,0
26,2020-05-08,2,5,3,0,27,362,28,8,12,5,100,54,0,4,4,4,26,14,3,6,9,40,40,1,24,21,13,0,10,1,46,3,5,1,48,7,26,103,0,26,5,24,42,5,2,9,0,12,109,12,42,1,2,33,6,8,1
27,2020-05-09,0,1,0,0,3,73,1,4,0,1,14,11,0,2,1,0,9,1,1,1,1,6,9,0,4,1,1,0,0,0,4,0,0,0,7,1,7,23,0,4,0,2,4,2,0,0,0,0,14,0,4,0,0,8,0,0,0
28,2020-05-10,0,1,0,0,2,28,1,0,1,0,10,6,0,2,0,0,2,1,1,1,0,1,1,0,1,3,1,0,0,0,3,0,1,0,1,0,0,10,0,2,0,2,1,0,0,1,0,0,12,1,7,0,0,2,1,0,0
29,2020-05-11,4,8,4,0,23,184,24,6,5,0,102,42,0,6,4,1,26,7,2,8,8,29,31,1,22,12,3,0,4,2,22,0,1,5,35,4,13,94,0,14,6,9,24,3,2,11,2,8,62,17,29,0,2,33,9,0,0
30,2020-05-12,7,10,2,0,13,222,19,5,3,4,81,20,0,4,1,3,22,9,5,12,5,17,32,1,16,13,5,0,2,0,26,2,2,4,42,2,5,96,0,11,7,24,26,4,2,7,1,11,54,11,18,1,0,32,6,3,1
31,2020-05-13,5,7,1,0,14,186,15,5,5,1,63,34,0,5,6,1,45,6,1,4,9,18,21,3,19,13,8,0,3,1,21,0,1,0,43,4,12,84,0,20,2,18,20,1,1,7,0,8,58,12,20,0,0,31,12,2,2
32,2020-05-14,0,5,0,0,12,176,15,9,8,5,69,22,1,5,3,2,41,1,1,6,6,18,25,2,26,12,10,0,3,4,22,2,1,2,29,4,12,75,0,17,1,15,22,0,1,13,0,8,44,9,14,1,2,17,7,3,2
33,2020-05-15,7,4,5,0,15,185,19,18,3,1,66,18,1,7,2,2,34,7,5,1,5,18,19,0,24,16,7,1,4,2,23,1,0,1,29,4,10,59,0,13,8,14,27,0,0,6,1,6,67,10,13,1,0,14,13,0,2
34,2020-05-16,0,0,0,0,1,34,2,4,1,0,19,3,0,0,0,0,3,0,0,1,0,1,0,0,5,2,1,0,0,0,3,0,0,0,6,1,3,13,0,0,1,2,2,0,0,0,0,0,11,2,1,0,0,13,1,0,0
35,2020-05-17,0,0,1,0,2,19,1,2,0,0,20,2,0,1,1,0,3,1,0,0,0,0,3,0,1,1,1,0,0,0,3,0,0,0,4,0,0,18,0,1,0,0,1,0,0,2,0,1,3,0,3,0,0,0,0,0,0
36,2020-05-18,0,1,3,0,8,140,16,7,6,6,56,21,0,5,2,2,26,7,4,6,5,8,16,3,16,6,8,0,2,2,9,0,0,2,36,0,6,67,0,15,1,13,29,3,1,10,0,6,49,6,24,0,1,17,4,1,1
37,2020-05-19,3,13,0,0,17,135,11,6,4,0,64,31,1,4,2,1,23,7,0,13,6,18,19,0,18,8,10,0,1,1,23,0,1,3,34,4,4,67,0,24,3,13,33,0,1,4,0,4,45,9,19,0,0,18,3,0,3
38,2020-05-20,3,3,1,0,10,117,11,5,5,3,77,19,2,2,1,1,27,4,0,3,4,12,21,0,15,12,8,0,2,2,21,0,2,0,34,5,11,67,0,13,4,15,24,7,0,9,1,6,43,7,24,0,0,31,6,2,1
39,2020-05-21,2,2,0,0,6,138,11,7,5,4,72,21,3,0,2,2,24,5,2,4,9,11,17,0,12,5,6,0,1,3,18,2,7,1,21,2,12,53,0,17,7,18,16,0,2,5,0,6,40,4,24,0,1,12,4,1,0
40,2020-05-22,2,0,0,0,6,114,12,4,3,4,50,16,0,7,1,3,38,3,1,2,7,8,15,2,11,10,3,0,1,3,16,1,4,5,15,3,1,50,0,15,1,7,23,1,2,6,1,2,37,5,21,1,0,18,1,1,1
41,2020-05-23,0,0,0,0,1,15,0,0,2,0,14,4,0,0,0,0,2,0,0,0,0,2,3,0,0,1,0,0,0,0,2,0,0,0,3,0,0,5,0,0,0,2,1,0,0,1,0,0,2,1,3,0,0,3,2,0,0
42,2020-05-24,0,0,0,0,0,12,0,0,0,0,8,1,0,0,0,0,1,0,0,0,0,0,1,0,0,1,2,0,0,0,0,0,0,0,3,0,1,3,0,1,0,0,1,0,0,0,0,0,6,0,0,0,0,0,0,0,0
43,2020-05-25,0,0,0,0,0,10,0,0,0,0,19,5,0,0,0,0,5,0,0,1,1,0,1,0,0,0,0,0,1,0,0,0,0,0,1,0,0,3,0,1,0,1,1,0,0,1,0,3,4,0,1,0,0,1,0,0,0
44,2020-05-26,1,2,5,0,10,106,6,2,9,3,74,27,0,1,0,2,22,5,2,2,1,5,12,0,14,8,6,0,3,0,13,0,2,3,12,3,12,43,0,10,3,15,16,0,0,3,0,7,41,0,15,0,1,17,4,3,2
45,2020-05-27,1,2,1,0,7,124,10,6,2,0,47,28,0,2,0,2,21,6,2,1,3,15,16,3,23,16,5,0,0,1,5,0,2,0,16,4,8,51,0,7,2,9,14,1,2,9,1,3,41,5,10,0,0,13,5,0,0
46,2020-05-28,0,3,2,0,7,94,7,5,3,2,57,16,1,1,0,1,18,5,2,4,2,11,9,1,8,7,6,0,2,0,9,1,1,3,13,4,5,47,0,5,7,7,12,2,4,4,0,10,26,4,10,0,0,10,5,1,0
47,2020-05-29,1,2,1,0,11,94,9,4,3,1,46,15,0,5,1,0,23,5,0,2,2,11,8,0,10,9,4,0,1,1,11,0,1,1,13,1,6,38,0,5,2,16,9,2,2,4,2,5,24,2,17,0,1,14,4,0,0
48,2020-05-30,0,0,1,0,1,18,1,1,0,0,16,6,0,0,0,0,2,0,0,0,0,2,5,0,0,0,0,0,0,0,4,0,1,0,3,0,0,4,0,2,0,0,2,0,0,0,0,0,2,1,1,0,0,2,0,0,0
49,2020-05-31,0,0,0,0,2,7,1,0,0,0,6,2,0,0,0,0,1,0,0,0,0,0,3,0,1,0,0,0,0,0,2,0,0,0,1,0,1,5,0,1,1,1,0,0,0,0,0,0,1,0,0,0,0,1,0,0,0
50,2020-06-01,1,2,2,0,7,80,4,4,2,2,48,14,2,1,0,0,13,2,0,2,6,8,6,1,8,3,2,0,1,0,12,1,1,1,12,1,4,30,0,7,1,10,13,0,1,1,0,4,34,1,9,1,0,16,7,1,1
51,2020-06-02,2,0,0,0,5,74,9,4,2,1,75,16,0,6,2,2,8,2,2,3,3,10,4,0,8,6,0,1,3,0,7,0,2,1,24,1,4,32,0,7,1,4,16,0,2,6,1,2,24,5,13,0,0,15,4,1,0
52,2020-06-03,0,3,0,0,3,81,5,7,1,0,67,19,0,1,4,2,14,3,1,0,6,9,10,0,11,4,4,0,3,1,12,1,0,0,17,1,2,36,0,6,0,9,10,0,4,3,0,6,29,1,7,0,0,21,2,1,3
53,2020-06-04,1,2,0,0,5,70,7,4,2,0,46,14,1,2,1,0,10,4,1,13,6,9,6,1,13,9,2,0,1,0,10,4,2,1,14,2,5,17,0,6,0,5,8,2,0,2,1,7,24,3,15,0,2,4,3,1,0
54,2020-06-05,2,1,0,0,9,103,5,2,3,0,63,12,0,2,1,0,9,5,2,1,5,12,11,1,11,3,2,0,0,0,8,0,2,2,19,2,3,32,0,8,2,8,18,0,7,8,0,6,27,2,15,0,2,14,1,0,0
55,2020-06-06,0,0,0,0,0,12,0,0,0,0,7,1,0,4,0,0,0,1,0,0,1,1,0,0,0,0,0,0,0,0,1,0,0,1,4,0,0,3,0,0,0,1,1,0,0,2,0,0,4,0,1,0,0,0,0,0,0
56,2020-06-07,0,0,0,0,0,9,0,1,0,0,4,1,0,0,0,0,2,1,0,0,0,0,4,0,0,0,1,0,0,0,0,0,0,1,1,0,0,2,0,1,0,0,1,0,0,0,0,0,0,0,0,0,0,1,0,0,0
57,2020-06-08,3,2,0,0,4,58,6,0,4,3,54,13,0,0,4,1,11,3,1,0,1,16,8,1,10,2,2,0,0,1,12,0,0,4,11,2,2,24,0,6,0,4,15,0,2,3,1,4,18,4,9,1,2,21,5,0,1
58,2020-06-09,1,1,1,0,6,49,3,4,3,0,40,8,0,1,0,1,6,2,1,1,2,12,8,0,6,4,1,0,1,0,9,0,1,0,11,1,4,27,0,4,2,10,5,0,0,2,1,3,16,5,8,2,1,19,4,0,0
59,2020-06-10,2,0,0,0,10,56,4,5,1,3,33,11,1,1,0,0,12,1,0,1,6,13,3,3,6,5,4,0,1,0,6,0,0,0,12,1,3,19,0,6,1,4,11,2,4,2,0,3,20,6,4,0,0,14,4,0,0
60,2020-06-11,1,1,1,0,5,81,3,5,1,2,29,7,0,0,1,2,14,3,1,2,1,10,6,0,8,15,6,0,1,0,6,2,2,2,8,1,8,17,0,3,0,10,9,0,0,5,0,4,12,2,14,0,1,9,6,0,0
61,2020-06-12,1,2,2,0,9,70,6,5,3,1,47,20,0,3,1,1,14,1,1,0,0,8,10,4,10,8,4,0,2,0,5,0,1,0,11,1,4,32,0,11,0,6,14,1,1,6,1,4,17,0,10,0,0,9,4,1,1
62,2020-06-13,0,1,0,0,0,7,1,4,1,0,18,7,0,0,1,0,1,1,0,1,1,1,3,0,1,1,1,0,0,1,0,0,0,0,4,0,1,7,0,0,1,3,2,0,0,3,0,0,10,0,2,0,0,1,1,0,0
63,2020-06-14,0,0,0,0,0,7,0,0,0,0,21,3,0,0,0,0,1,0,0,0,0,0,2,0,1,0,1,0,0,0,2,0,0,0,0,0,0,4,0,0,0,0,2,0,0,0,0,1,2,0,0,0,0,1,0,0,0
64,2020-06-15,1,3,1,0,3,64,9,7,3,1,57,10,3,4,5,1,13,0,1,1,4,3,15,0,7,4,4,1,1,1,9,1,1,1,10,2,6,28,0,9,1,11,9,0,2,7,0,3,23,3,8,0,0,7,1,1,1
65,2020-06-16,2,0,2,0,4,94,9,4,4,0,82,14,0,0,1,0,37,6,2,1,4,9,9,3,17,1,4,0,0,1,9,0,0,0,16,2,8,46,0,10,1,7,18,1,3,1,0,2,41,5,17,0,0,15,2,1,1
66,2020-06-17,0,1,2,0,9,86,2,3,3,0,68,28,0,2,4,0,22,8,1,2,7,11,17,1,11,7,6,1,3,0,4,0,0,1,21,0,6,24,0,9,5,11,13,1,0,3,1,6,31,3,8,0,0,11,3,0,0
67,2020-06-18,3,2,1,0,12,122,6,7,5,4,73,19,1,3,2,2,21,10,0,3,3,11,9,1,20,6,3,0,1,2,13,0,1,0,13,2,13,54,0,9,1,12,13,2,2,1,0,6,46,5,5,0,0,18,6,8,0
68,2020-06-19,3,1,2,0,10,111,1,10,1,1,58,19,0,5,1,4,16,2,7,1,8,10,16,5,15,4,3,0,3,0,14,1,1,2,8,4,7,36,0,7,1,1,11,3,2,7,3,6,37,2,10,1,0,11,1,1,2
69,2020-06-20,0,1,0,0,2,25,0,0,0,1,18,5,0,0,0,0,1,0,0,0,0,0,4,0,1,0,2,0,2,0,3,0,1,0,1,0,1,9,0,0,1,1,5,2,0,0,0,3,9,1,1,0,0,1,0,0,0
70,2020-06-21,0,0,0,0,0,1,0,0,0,0,17,6,0,0,1,0,1,0,0,0,1,1,3,0,1,0,0,0,0,0,1,0,0,0,0,0,1,1,0,0,0,0,1,0,0,0,0,2,4,0,1,0,0,0,0,0,0
71,2020-06-22,1,1,0,0,10,97,6,4,2,2,57,15,0,0,1,1,13,13,5,3,8,10,12,0,14,6,6,0,2,1,10,0,1,1,17,0,4,40,0,12,4,11,12,3,0,3,0,8,25,1,8,1,1,17,8,1,1
72,2020-06-23,1,1,2,2,11,101,3,3,2,2,83,21,0,10,2,1,27,8,1,2,2,10,17,0,22,5,3,0,3,1,6,4,1,0,18,5,7,33,0,16,2,7,14,2,1,6,1,7,39,1,12,0,0,12,4,0,1
73,2020-06-24,0,3,2,0,8,89,8,3,3,3,75,25,0,1,2,1,22,5,4,2,8,12,16,2,21,8,5,0,2,0,8,0,0,0,25,3,6,55,0,13,2,6,13,0,1,2,1,4,43,1,7,0,3,8,8,2,2
74,2020-06-25,5,1,2,0,12,108,9,4,3,2,69,25,0,0,5,2,21,10,3,6,8,17,15,4,17,9,7,0,5,2,12,1,3,1,22,3,4,58,0,13,4,18,17,0,2,4,0,8,32,7,14,1,0,14,11,3,2
75,2020-06-26,0,4,4,0,6,138,8,7,4,6,72,27,0,2,2,3,23,12,6,4,8,15,19,1,19,16,2,0,1,2,9,2,2,4,30,3,5,67,0,23,1,11,16,1,0,7,0,9,94,1,14,0,0,11,7,4,1
76,2020-06-27,0,0,0,0,8,39,1,0,0,1,45,20,0,2,0,0,2,1,0,1,1,6,4,0,4,3,1,0,1,0,1,0,0,1,6,0,4,20,0,7,0,2,4,0,1,0,0,2,22,2,1,0,0,7,0,2,0
77,2020-06-28,0,0,1,0,2,25,2,0,1,0,48,17,0,0,0,1,6,2,0,0,0,10,7,0,2,3,2,0,0,0,1,0,0,0,5,0,1,11,0,5,1,2,3,0,0,3,0,1,14,0,4,0,0,4,0,0,0
78,2020-06-29,3,5,1,0,11,128,14,8,3,4,84,36,0,0,1,2,14,7,6,4,5,37,18,3,13,14,7,1,1,2,11,1,4,2,29,7,4,51,0,9,3,14,16,2,0,6,1,9,44,5,13,0,2,23,6,0,1
79,2020-06-30,12,6,3,2,14,143,12,4,2,1,51,27,2,1,5,2,15,7,2,2,7,21,14,1,15,26,8,0,2,3,9,3,5,2,27,4,13,59,0,15,3,13,24,2,1,3,1,11,69,4,18,0,2,19,12,2,1
80,2020-07-04,0,0,0,0,2,2,0,0,0,0,0,0,0,0,0,0,0,0,0,0,0,0,0,0,0,0,0,0,0,0,0,0,0,0,0,0,0,0,0,0,0,0,0,0,0,0,0,0,1,0,0,0,0,0,0,0,0
81,2020-07-06,0,0,1,0,1,14,1,0,0,0,21,6,0,0,0,0,1,0,0,0,1,1,0,0,3,1,0,0,1,0,1,0,0,0,1,0,1,3,0,0,0,0,5,0,0,0,0,1,5,0,0,0,0,1,0,0,0
82,2020-07-07,0,0,0,0,1,11,1,1,0,1,11,5,0,0,1,1,1,2,0,0,0,0,0,1,3,0,1,0,0,0,1,0,1,0,1,0,3,7,0,4,0,1,0,0,0,2,0,1,4,0,3,0,0,3,1,1,1
83,2020-07-08,0,1,0,0,1,19,2,0,0,2,11,4,0,1,0,1,4,1,0,2,2,2,2,0,1,0,1,0,2,0,0,0,0,0,2,0,0,5,0,0,1,2,0,0,0,0,0,1,4,0,1,0,0,2,1,0,0
84,2020-07-09,0,0,0,0,10,23,3,1,1,0,7,2,0,0,0,0,2,1,0,0,4,5,4,0,1,2,0,0,1,0,2,0,1,0,1,0,1,3,0,1,0,0,1,0,0,1,0,0,15,0,1,0,0,1,1,0,0
85,2020-07-10,1,0,1,0,3,15,1,5,0,0,11,3,0,0,1,0,7,0,1,0,2,1,2,0,5,1,0,0,1,0,1,0,0,1,4,2,0,16,0,1,1,1,4,0,2,3,0,4,11,0,2,0,0,4,4,0,0
86,2020-07-11,0,0,0,0,0,3,0,0,0,0,1,1,0,0,0,0,0,2,0,0,0,1,0,0,0,0,0,0,0,0,0,0,0,0,0,0,0,0,0,0,0,0,0,0,0,0,0,0,0,0,0,0,0,0,0,0,0
87,2020-07-12,0,0,0,0,0,1,0,0,0,0,2,0,0,0,0,0,0,0,0,0,0,0,0,0,0,0,0,0,0,0,0,0,0,0,0,0,0,1,0,0,0,0,0,0,0,0,0,0,1,0,0,0,0,0,0,0,0
88,2020-07-13,2,0,0,0,5,25,5,1,1,0,23,8,0,0,0,0,2,1,1,0,5,1,5,0,3,1,2,0,1,1,9,0,0,0,2,0,4,12,0,4,2,4,5,1,0,3,1,0,7,2,2,0,0,6,0,0,0
89,2020-07-14,0,0,0,0,7,29,3,3,0,1,16,13,0,0,0,0,5,2,0,4,1,2,4,0,6,2,6,0,1,0,11,1,0,0,3,1,2,21,0,6,2,3,6,0,0,3,0,4,17,4,1,0,0,7,1,1,1
90,2020-07-15,1,1,0,0,4,41,4,2,0,1,13,10,0,1,1,1,4,1,0,1,0,0,3,2,6,2,0,0,0,1,4,0,1,0,8,0,0,12,0,3,5,4,8,0,2,3,0,5,14,3,2,0,0,5,0,1,0
91,2020-07-16,3,0,0,0,3,42,2,0,0,0,23,7,1,0,0,1,8,1,3,3,0,4,3,3,2,2,3,0,3,0,4,0,2,0,8,1,2,14,0,6,1,3,6,0,1,2,0,1,8,0,3,0,0,12,2,1,0
92,2020-07-17,1,0,1,0,0,27,1,2,0,0,19,12,0,1,0,1,7,3,1,3,1,7,5,0,3,1,3,0,1,1,7,1,0,0,4,0,3,10,0,5,0,4,4,1,1,2,0,2,12,0,1,0,0,11,2,0,0
93,2020-07-18,0,1,0,0,1,4,0,1,0,0,0,2,0,0,0,0,1,1,0,0,0,1,0,0,0,0,0,0,0,0,0,0,0,0,0,0,0,1,0,2,0,0,2,0,0,0,0,0,2,0,0,0,0,0,0,0,0
94,2020-07-19,0,0,0,0,0,5,0,1,0,1,6,4,0,0,0,0,1,0,0,0,0,5,2,0,0,0,0,0,0,0,0,0,0,0,1,1,1,1,0,0,0,0,0,0,0,0,0,0,1,0,0,0,0,0,0,0,0
95,2020-07-20,1,0,0,0,5,59,3,1,4,2,20,6,0,2,0,0,8,1,2,1,0,5,8,1,2,8,1,0,2,3,5,0,1,0,6,0,2,11,0,4,2,6,6,0,0,3,0,4,19,1,5,0,0,13,3,0,0
96,2020-07-21,0,1,1,0,3,36,4,2,1,0,16,6,0,0,1,0,5,5,0,0,0,3,6,0,12,2,0,0,3,0,13,0,0,1,10,1,3,16,0,5,1,7,8,0,1,3,0,3,20,2,2,0,0,3,4,0,0
97,2020-07-22,0,0,0,1,4,33,2,2,1,1,22,9,0,1,0,0,6,3,1,0,2,6,4,2,12,2,2,0,0,0,12,1,0,2,4,0,2,18,0,6,1,4,2,1,2,4,0,2,17,1,6,0,0,8,2,0,0
98,2020-07-23,0,3,3,0,3,47,2,1,2,1,36,4,0,0,3,0,8,1,0,2,2,9,4,0,3,4,1,0,1,1,5,0,0,0,7,1,5,17,0,4,0,9,7,0,2,3,0,1,10,2,5,1,0,6,2,0,0
99,2020-07-24,0,3,0,0,4,40,0,1,2,0,26,9,0,0,0,0,12,5,2,1,2,9,7,1,8,2,3,0,0,0,7,0,0,3,6,4,2,13,0,9,0,2,8,0,1,3,0,2,14,1,4,0,0,5,2,0,0
100,2020-07-25,0,0,0,0,0,7,1,1,0,0,9,4,0,0,0,0,0,0,0,0,0,0,0,0,0,0,1,0,0,0,1,0,0,0,1,0,1,2,0,0,1,1,1,0,1,1,0,0,2,0,1,0,0,1,0,0,0
101,2020-07-26,0,0,0,0,1,7,1,0,0,0,2,0,0,0,0,0,0,0,0,0,0,0,0,0,0,0,0,0,0,0,0,0,0,0,0,0,1,1,0,0,0,0,1,0,0,0,0,1,3,0,0,0,0,1,0,0,0
102,2020-07-27,0,1,1,0,5,50,1,0,0,1,26,10,0,0,2,0,6,3,2,0,1,3,6,0,4,2,2,0,2,0,2,0,1,0,13,0,3,16,0,6,0,4,5,0,1,5,0,7,13,0,4,0,0,6,2,1,0
103,2020-07-28,1,2,0,0,6,60,4,2,2,2,34,10,0,0,0,0,7,5,0,0,0,5,4,0,8,3,0,0,0,0,4,0,2,0,8,2,1,16,0,10,2,5,7,0,1,0,0,4,19,5,6,0,0,7,1,2,2
104,2020-07-29,2,1,0,0,3,47,1,3,3,0,22,15,0,0,0,1,11,1,0,2,1,4,1,0,7,5,3,0,0,1,8,1,0,0,12,1,7,17,0,5,1,5,11,0,1,5,0,6,14,5,5,0,1,8,5,0,1
105,2020-07-30,2,3,1,1,4,44,9,1,1,0,21,8,0,2,4,2,7,1,0,0,7,4,7,2,4,7,4,0,0,1,3,0,1,2,6,1,2,28,0,5,1,4,12,0,0,3,0,6,25,5,5,1,1,9,6,2,0
106,2020-07-31,1,3,2,0,1,36,6,1,3,2,12,12,0,0,1,3,5,3,2,1,3,6,7,0,5,5,1,0,3,1,4,0,0,0,9,1,2,18,0,13,2,10,12,0,2,2,0,5,14,2,5,0,0,5,2,2,0
107,2020-08-01,0,0,0,0,0,3,0,0,0,0,4,0,0,0,0,0,1,0,0,0,0,1,1,0,1,0,0,0,0,0,0,0,0,0,2,0,0,0,0,14,0,0,0,0,0,0,0,0,2,0,2,0,0,1,0,0,0
108,2020-08-02,0,0,0,0,1,6,0,0,0,0,3,1,0,0,0,0,1,0,0,0,0,0,1,0,0,0,0,0,0,0,0,0,0,0,0,0,0,0,0,1,0,1,0,0,0,0,0,1,1,0,1,0,0,0,0,0,0
109,2020-08-03,2,3,1,1,5,55,4,4,2,0,35,14,0,0,2,1,15,3,0,2,2,3,7,0,1,6,4,0,0,0,7,0,1,0,11,2,6,19,0,9,0,9,11,0,3,3,1,4,23,0,9,0,1,7,2,1,0
110,2020-08-04,1,1,2,0,11,54,5,4,1,1,32,16,0,1,1,1,13,8,2,2,0,9,11,1,8,3,10,0,0,1,7,1,1,2,9,2,7,29,0,15,1,1,12,0,4,2,2,4,25,0,10,0,1,7,0,1,0
111,2020-08-05,2,2,0,0,8,64,7,2,1,0,33,11,0,2,0,3,12,5,3,0,0,4,7,1,4,3,2,0,0,1,13,0,0,1,10,5,14,25,0,8,0,10,17,0,1,2,0,6,32,3,3,0,0,12,4,1,1
112,2020-08-06,5,0,0,3,7,59,10,7,2,1,35,15,0,2,4,1,15,1,4,5,5,6,3,1,9,3,6,0,2,1,7,0,1,0,10,1,5,36,0,18,2,10,16,1,2,3,0,2,39,4,10,0,1,11,2,3,1
113,2020-08-07,5,3,1,0,3,94,13,2,1,0,42,16,0,1,2,1,20,9,3,5,8,10,9,4,12,5,4,0,1,3,6,2,1,4,13,4,4,45,0,12,4,12,18,1,1,1,1,3,29,2,12,0,1,15,3,1,0
114,2020-08-08,2,0,0,0,2,41,2,3,0,1,8,2,1,0,0,0,7,3,1,1,1,2,2,0,2,0,3,0,0,0,1,0,0,0,3,0,1,12,0,3,0,3,4,0,0,2,0,0,15,0,0,0,0,2,1,0,0
115,2020-12-08,0,0,0,0,0,0,0,0,0,0,0,0,0,0,0,0,0,0,0,0,0,0,0,0,0,0,0,0,2,0,0,0,0,0,0,0,0,0,0,0,0,0,0,0,0,0,0,0,1,0,0,0,0,0,0,0,0
116,2020-12-14,0,0,0,0,0,0,0,0,0,0,0,0,0,0,0,0,0,0,0,0,0,0,0,0,0,0,0,0,0,0,0,0,0,0,0,0,0,0,0,0,0,0,0,0,0,0,0,0,1,0,0,0,0,0,0,0,0
117,2021-01-13,0,0,0,0,0,0,0,0,0,0,0,0,0,0,0,0,0,1,0,0,0,0,0,0,0,1,0,0,0,0,0,0,0,0,0,0,0,0,0,0,0,0,0,0,0,0,0,0,3,0,0,0,0,0,0,0,0
118,2021-01-14,0,3,12,0,1,19,1,2,0,0,8,4,3,1,0,0,2,0,0,0,9,1,0,0,17,5,2,0,22,1,0,0,0,0,5,0,0,5,0,4,8,0,0,0,0,6,0,0,11,0,0,0,4,2,2,0,0
119,2021-01-15,0,3,8,0,0,50,5,3,0,1,4,9,3,1,1,2,14,0,1,0,15,8,1,0,5,13,17,1,35,1,3,0,0,0,1,1,0,9,0,2,14,2,0,0,0,5,0,5,32,1,1,0,1,3,2,0,1
120,2021-01-16,5,45,17,0,14,195,127,29,7,14,174,53,1,2,85,7,365,67,114,72,72,70,53,14,218,294,163,0,32,17,20,15,108,46,38,47,14,83,0,91,196,66,82,2,0,15,7,47,318,16,62,0,30,24,80,16,65
121,2021-01-17,6,36,5,0,12,204,81,20,5,10,127,48,0,2,55,4,220,25,37,35,48,47,40,9,146,166,89,0,14,9,40,8,55,19,13,14,10,60,0,49,66,62,46,0,1,7,8,23,216,6,35,0,8,29,31,3,14
122,2021-01-19,11,41,18,0,50,758,96,51,22,4,172,77,3,8,91,15,203,44,60,25,74,89,74,16,302,230,58,0,17,24,55,36,59,35,82,60,37,227,0,144,136,130,107,1,4,41,13,57,241,25,63,0,25,146,137,29,39
123,2021-01-20,29,90,45,0,166,981,185,159,15,13,395,120,0,2,147,26,1087,211,106,148,225,375,125,141,442,304,247,0,61,80,147,97,112,96,307,34,130,430,0,267,216,67,487,1,57,60,47,134,761,146,206,0,26,282,313,52,28
124,2021-01-21,37,92,52,0,164,924,175,185,38,30,346,109,0,9,115,29,839,203,108,123,159,346,202,81,427,286,243,0,54,41,115,57,74,59,274,49,86,726,0,253,186,171,588,0,57,73,41,117,702,133,240,0,41,306,324,29,33
125,2021-01-22,43,88,52,0,115,796,201,121,37,42,544,143,0,5,96,27,673,263,92,114,181,352,307,57,414,226,191,0,50,37,135,35,78,55,294,58,74,825,0,348,185,154,567,3,46,96,35,144,654,74,204,0,36,264,283,33,37
126,2021-01-23,57,132,62,0,108,923,214,170,15,31,427,182,0,5,89,45,592,223,80,121,171,324,285,58,338,251,199,0,56,35,164,44,55,54,331,44,82,790,0,374,187,176,527,4,71,83,22,130,867,69,261,0,38,325,284,47,36
127,2021-01-25,72,128,55,0,103,1227,219,163,36,22,479,182,2,20,52,23,435,147,66,55,132,382,217,40,317,135,128,0,48,35,174,25,29,84,203,32,96,708,0,327,90,152,395,5,63,53,14,204,625,90,256,0,39,327,195,22,26
128,2021-01-26,7,79,33,0,55,536,112,149,27,22,297,105,1,7,55,23,280,128,46,86,95,263,161,46,243,116,76,0,32,25,163,17,40,57,187,14,40,423,0,245,69,66,300,8,39,57,10,144,537,57,209,0,24,126,111,20,16
129,2021-01-27,28,109,52,0,94,978,198,100,28,18,423,163,1,23,57,30,347,141,54,91,135,302,191,44,290,188,142,0,51,28,243,26,45,75,275,32,78,630,0,293,108,129,400,23,40,106,22,184,840,78,234,2,23,229,151,24,41
130,2021-01-28,9,88,61,0,101,1207,171,159,44,23,476,169,1,14,60,42,332,132,66,104,105,283,180,41,308,163,131,0,44,42,199,27,31,48,250,38,79,614,0,347,92,133,350,10,67,95,19,138,761,81,224,1,36,210,124,23,27
131,2021-01-29,25,77,38,0,103,1028,158,114,25,21,416,176,1,59,51,44,317,125,75,92,133,248,160,29,281,163,129,0,40,25,172,24,46,52,293,34,61,505,0,254,82,108,322,19,34,94,25,156,662,73,203,4,16,237,122,33,21
132,2021-01-30,30,91,51,0,114,1149,182,116,43,39,453,216,1,45,63,35,339,152,48,84,130,256,185,28,308,137,124,0,27,29,165,19,22,48,288,29,67,759,0,273,80,104,345,12,32,84,16,121,693,83,211,2,17,228,117,37,25
133,2021-01-31,11,67,17,0,58,691,79,54,25,19,234,94,0,26,31,30,169,66,27,24,66,124,108,18,167,54,63,0,45,16,83,10,23,22,139,16,38,346,0,134,27,77,174,3,27,47,14,69,323,35,119,1,5,151,60,5,9
134,2021-02-01,11,50,9,0,22,359,69,30,12,16,139,82,0,29,9,9,127,38,26,26,37,58,39,11,144,31,42,0,35,11,72,6,19,6,103,12,32,213,0,102,24,43,126,6,19,22,10,39,186,21,92,0,4,73,37,11,16
135,2021-02-02,5,59,16,0,68,589,85,115,19,24,311,140,0,23,39,19,246,96,39,49,86,220,103,20,231,128,82,0,29,20,100,22,23,36,162,19,25,368,0,159,41,69,230,13,39,76,15,87,387,25,127,0,11,117,96,20,14
136,2021-02-03,9,77,42,0,95,954,189,111,35,21,357,167,2,38,59,29,295,127,64,62,145,206,157,29,240,164,125,0,40,14,128,22,37,42,190,26,36,517,0,232,53,76,247,13,35,74,18,121,581,63,185,2,12,162,124,28,17
137,2021-02-04,13,62,40,0,103,1030,176,112,29,14,365,176,2,45,62,21,275,131,60,75,117,196,139,26,236,147,95,0,37,28,135,35,39,35,223,35,68,554,0,157,58,108,294,16,33,62,16,105,584,69,171,0,16,177,106,20,22
138,2021-02-05,28,67,39,0,99,999,138,117,29,19,437,164,0,42,46,17,266,121,51,58,103,212,124,19,166,143,107,0,31,14,155,33,34,38,198,41,57,529,0,204,55,113,217,11,32,67,26,108,533,59,164,2,15,173,90,24,21
139,2021-02-06,35,85,39,0,111,1149,131,129,39,27,476,186,2,46,48,25,256,122,53,46,108,169,154,28,194,155,126,0,29,22,163,32,48,41,250,42,58,702,0,194,48,94,298,17,39,112,24,93,541,54,141,1,24,196,105,24,15
140,2021-02-07,15,17,16,0,36,608,102,52,18,16,218,77,2,41,18,13,138,45,34,24,51,78,45,10,89,60,51,0,7,11,62,5,15,15,136,22,32,380,0,69,21,58,93,9,15,25,4,49,232,22,60,1,12,86,39,6,4
141,2021-02-08,19,38,34,0,74,602,56,27,19,17,90,70,5,42,33,27,98,47,22,23,39,54,32,13,130,48,27,2,15,21,72,23,12,11,166,24,82,456,0,119,34,41,122,36,13,67,13,67,212,55,78,2,5,91,93,7,6
142,2021-02-09,13,36,34,0,59,660,114,64,28,23,268,98,1,19,22,8,184,73,19,37,65,134,95,19,140,81,80,1,17,9,103,14,28,28,176,21,30,408,0,135,26,58,176,21,18,54,12,48,349,31,105,4,7,102,73,22,6
143,2021-02-10,31,62,35,0,99,881,133,58,25,24,362,149,3,67,51,19,211,86,43,54,87,162,109,27,182,105,81,0,21,17,111,22,21,27,217,38,49,555,0,194,51,85,249,12,20,59,15,89,478,44,141,1,10,142,71,19,9
144,2021-02-11,7,58,31,0,73,821,157,68,22,12,350,146,0,66,25,22,188,71,35,38,62,140,91,19,131,75,89,0,12,7,121,21,26,20,188,21,31,497,0,159,39,90,199,8,19,67,17,45,411,40,111,0,14,132,67,27,11
145,2021-02-12,19,61,42,0,107,871,154,85,44,16,323,151,1,71,58,19,282,117,48,68,82,200,102,30,181,111,116,0,36,15,146,35,31,25,204,43,75,624,0,221,59,108,247,21,21,67,13,84,537,43,132,3,10,168,106,31,20
146,2021-02-13,7,41,24,0,85,825,109,84,29,12,303,163,1,53,39,17,191,83,35,34,66,176,92,21,154,88,78,0,26,12,128,21,19,32,235,18,44,572,0,197,41,69,217,17,18,45,9,70,384,44,106,4,10,124,76,19,10
147,2021-02-14,8,25,16,0,40,440,37,19,19,4,126,44,1,46,13,6,82,19,12,15,25,75,36,4,60,29,34,1,9,5,33,6,2,14,82,7,15,235,0,46,8,43,73,11,12,24,6,29,187,17,31,1,1,79,26,6,3
148,2021-02-16,0,13,9,0,41,270,38,16,7,13,103,49,14,47,19,5,75,28,10,4,28,69,23,4,39,31,19,0,2,2,43,5,13,10,80,10,19,221,0,38,8,15,54,39,8,21,1,16,118,5,40,1,0,42,39,8,2
149,2021-02-17,15,36,16,0,59,626,90,58,25,12,253,115,2,25,33,12,169,46,37,27,35,138,62,13,111,85,63,1,9,10,77,17,16,26,206,31,42,435,0,135,29,56,192,8,24,65,14,39,208,23,92,2,9,114,74,18,5
150,2021-02-18,14,39,14,0,80,703,95,51,32,17,273,107,0,58,30,12,166,58,33,27,62,119,95,11,125,61,67,0,14,14,116,4,18,24,205,20,43,432,0,143,22,53,206,13,16,38,8,53,190,46,101,2,11,103,52,11,11
151,2021-02-19,10,38,20,0,93,734,117,62,29,21,288,123,7,46,33,19,183,50,35,46,46,156,95,14,114,63,65,1,9,15,138,10,15,24,170,25,35,459,0,140,30,60,182,20,19,60,12,52,265,42,68,2,3,123,55,17,8
152,2021-02-20,19,44,22,0,88,745,90,61,25,12,296,156,1,30,32,18,161,70,19,36,47,132,76,14,109,57,72,0,22,8,134,12,18,18,191,25,40,439,0,138,34,66,168,26,14,47,9,58,260,32,94,3,6,120,62,12,8
153,2021-02-22,11,38,15,0,53,509,68,39,25,6,194,110,3,59,25,18,75,32,19,24,18,70,74,16,58,33,32,0,10,11,99,5,17,13,98,11,22,256,0,108,14,51,164,21,10,45,2,35,193,29,83,0,9,106,26,15,6
154,2021-02-23,3,24,10,0,31,361,34,40,19,6,157,81,0,19,13,5,74,34,15,27,49,83,56,7,74,40,36,0,13,12,90,2,8,9,94,9,12,236,0,96,22,21,98,9,9,42,9,35,191,11,78,1,5,36,38,9,0
155,2021-02-24,13,61,27,0,75,723,128,69,37,18,343,188,5,68,56,38,211,90,53,62,75,196,98,33,135,90,88,1,19,24,141,14,28,29,178,28,33,463,0,172,27,54,187,14,24,77,24,64,467,44,121,0,6,107,85,21,7
156,2021-02-25,15,39,20,0,71,644,108,40,29,7,236,124,3,62,18,13,131,54,34,29,64,153,79,19,117,48,64,3,18,9,113,15,17,16,133,31,22,325,0,129,44,42,158,10,12,42,3,66,408,28,78,3,6,127,54,22,7
157,2021-02-26,9,30,15,0,45,469,52,39,33,9,209,86,2,19,18,20,151,41,22,31,47,110,78,21,106,68,54,0,14,8,84,14,16,24,121,12,21,274,0,111,31,29,143,15,11,30,12,56,268,26,83,0,5,75,38,14,3
158,2021-02-27,8,9,7,0,19,302,33,32,10,5,126,55,2,22,8,6,58,23,9,12,27,55,36,7,36,32,22,0,7,5,36,5,4,7,62,7,12,168,0,49,15,23,78,15,6,18,4,22,120,16,55,1,3,46,18,5,6
159,2021-03-01,8,10,3,0,35,265,33,13,12,5,88,30,2,27,8,9,47,18,9,5,14,32,34,5,33,28,21,1,6,5,24,3,5,7,56,10,10,109,0,45,15,12,63,18,5,15,2,21,130,14,41,3,1,31,25,3,5
160,2021-03-02,6,18,5,0,37,218,36,23,16,4,95,41,2,20,7,7,68,11,13,6,24,34,22,2,27,16,24,2,9,3,28,5,2,3,62,3,14,147,0,43,13,11,57,17,6,12,2,26,139,16,35,5,10,41,18,3,1
161,2021-03-03,7,9,14,0,29,254,34,20,13,3,91,34,5,13,11,8,50,22,9,13,28,41,30,4,28,21,12,1,7,2,34,4,8,3,54,8,21,174,0,50,9,22,74,7,3,14,0,20,131,7,32,1,2,25,18,5,3
162,2021-03-04,5,9,5,0,23,243,29,9,9,4,82,37,2,13,8,6,46,13,6,7,26,46,34,2,35,15,23,0,10,2,42,6,6,2,50,5,14,155,0,56,6,19,63,13,7,13,1,15,137,16,42,2,3,35,10,5,2
163,2021-03-05,4,11,5,0,21,237,36,20,7,5,100,60,1,11,8,3,47,9,8,8,18,40,29,3,29,23,19,0,7,2,32,5,5,3,52,5,10,181,0,37,8,15,53,9,1,20,5,20,130,6,35,0,2,30,15,4,3
164,2021-03-06,5,8,5,0,18,240,35,16,9,1,105,33,1,9,8,6,57,17,2,7,23,42,27,4,32,18,14,1,5,5,28,0,3,7,66,4,7,159,0,44,9,24,54,6,3,14,0,25,135,11,44,0,2,28,11,3,5
165,2021-03-08,4,7,8,0,16,190,30,11,12,1,71,34,1,12,6,4,38,7,9,5,6,35,22,5,39,22,14,0,3,2,20,2,0,4,42,7,17,112,0,38,4,11,31,11,3,12,2,8,83,14,20,1,0,26,11,5,0
166,2021-03-09,2,5,2,0,14,146,23,11,13,2,67,32,2,9,4,2,33,19,4,9,6,30,20,3,20,8,14,0,3,0,25,2,3,2,28,1,5,130,0,32,11,8,36,5,1,10,1,6,56,5,16,0,4,27,9,2,1
167,2021-03-10,4,12,11,0,18,203,23,19,11,4,97,39,2,12,2,5,45,12,9,7,21,41,27,4,22,16,21,1,3,2,25,5,4,4,61,9,6,152,0,37,10,14,37,11,5,15,3,24,98,11,32,0,5,32,14,6,1
168,2021-03-12,16,90,46,0,183,1816,206,148,70,33,892,381,8,64,47,35,390,130,56,81,168,308,283,32,334,114,138,0,50,11,372,9,39,45,466,33,96,1306,0,389,45,130,438,35,37,106,14,166,941,81,307,7,12,235,115,29,5
169,2021-03-13,21,55,25,0,99,946,105,77,19,13,439,158,2,17,28,22,188,67,21,36,68,149,97,6,144,58,53,0,27,8,175,8,12,23,211,19,48,609,0,152,40,72,159,12,21,48,13,86,454,43,117,3,5,125,51,21,8
170,2021-03-15,4,15,2,0,25,329,25,27,13,6,149,37,0,19,10,2,48,26,6,11,26,40,31,7,39,13,18,0,10,4,32,3,6,2,67,11,13,170,0,42,5,20,66,16,6,17,3,21,128,14,34,0,2,40,15,4,3
171,2021-03-16,6,31,18,0,41,475,64,46,15,4,217,89,5,11,16,11,85,36,12,20,49,81,55,15,99,44,33,1,11,8,63,12,21,7,117,11,44,350,0,118,18,42,122,20,16,32,7,46,272,19,60,3,10,82,44,7,1
172,2021-03-17,6,22,20,0,44,466,43,31,26,7,223,88,4,14,21,9,98,41,16,33,44,78,41,2,84,39,29,1,12,7,79,10,9,15,113,16,28,292,0,89,17,30,130,13,13,28,4,51,276,19,86,1,5,47,29,12,1
173,2021-03-18,9,19,14,0,41,459,52,44,20,4,183,75,0,15,11,9,110,34,13,21,43,73,49,14,77,33,26,0,10,5,46,5,12,11,129,15,27,282,0,96,17,29,102,24,7,30,3,32,249,14,72,2,3,57,30,6,3
174,2021-03-20,18,38,26,0,67,742,70,76,26,11,397,152,3,27,19,8,169,67,25,29,86,144,96,18,163,69,61,3,23,3,121,9,18,22,182,26,54,503,0,200,24,54,182,34,24,49,6,77,508,36,150,1,13,132,49,20,9
175,2021-03-23,11,27,16,0,56,530,53,39,28,7,223,98,3,29,23,12,109,34,16,22,60,67,46,12,107,32,28,0,27,9,72,11,4,11,141,16,32,346,0,145,21,42,142,30,7,33,6,49,232,24,73,6,2,63,36,15,2
176,2021-03-24,6,21,24,0,44,324,49,28,13,5,193,77,4,9,11,4,88,36,17,15,35,73,43,7,69,49,27,1,12,10,59,4,11,5,101,14,26,243,0,93,21,25,104,13,7,21,8,57,219,15,65,1,1,49,41,8,1
177,2021-03-25,7,29,12,0,38,347,56,48,14,5,212,89,0,15,13,7,66,47,22,15,43,72,50,13,80,40,35,1,21,7,54,11,11,6,101,16,30,289,0,97,32,32,120,9,9,24,4,67,249,16,53,1,2,70,36,7,5
178,2021-03-26,3,16,17,0,47,410,56,30,16,9,164,81,0,9,21,17,88,51,23,26,42,77,52,12,72,49,39,0,14,7,76,8,8,4,90,7,30,266,0,90,12,27,115,14,5,26,8,37,254,18,50,0,6,84,42,9,6
179,2021-03-27,8,33,7,0,48,328,44,28,8,4,163,84,2,11,13,7,82,29,7,20,37,86,45,6,62,57,50,0,21,7,56,5,7,10,77,10,18,227,0,60,10,27,73,5,9,25,3,39,200,21,56,0,4,44,34,6,4
180,2021-03-28,3,11,3,0,14,190,13,6,4,2,76,25,1,7,12,1,34,9,4,9,8,24,25,3,25,28,7,0,6,6,21,2,1,1,40,8,11,103,0,25,3,16,25,5,1,17,0,24,90,7,17,2,5,25,15,3,0
181,2021-03-29,0,5,1,0,4,66,4,2,3,2,22,17,0,0,2,0,17,7,0,1,6,3,6,0,8,3,6,0,1,1,6,0,1,1,14,2,3,43,0,22,2,5,23,14,2,2,1,4,26,1,5,2,0,11,0,2,0
182,2021-03-30,4,11,8,0,13,142,24,22,5,6,102,48,0,11,10,1,40,20,5,9,18,36,26,8,20,27,16,0,5,1,36,2,3,4,46,5,8,121,0,28,14,13,52,4,6,13,1,17,97,13,21,1,1,29,16,7,3
183,2021-03-31,9,27,20,0,79,823,69,44,21,12,402,132,6,16,10,11,136,48,25,21,59,80,84,6,128,62,44,3,19,2,113,4,9,11,263,18,44,588,0,161,29,50,163,38,17,59,5,71,347,38,93,11,3,109,48,12,6
184,2021-04-01,8,10,10,0,27,223,26,14,9,2,116,55,3,8,6,8,43,15,7,14,26,41,24,5,41,33,20,0,11,6,34,2,3,5,46,6,13,138,0,41,19,17,44,2,3,17,4,22,125,12,29,2,4,37,14,6,1
185,2021-04-02,2,14,9,0,27,197,19,22,11,5,96,43,0,2,12,7,44,13,11,8,19,37,23,3,21,16,22,0,8,4,27,8,6,4,41,5,8,127,0,24,18,11,49,6,5,13,1,11,109,13,28,1,2,40,14,2,3
186,2021-04-03,2,13,4,0,19,160,11,11,13,4,80,35,0,2,7,4,34,7,9,5,10,26,11,4,33,13,25,0,5,4,30,3,2,2,30,9,11,101,0,32,8,13,32,0,5,5,0,10,101,14,35,1,0,28,12,8,2
187,2021-04-04,2,2,1,0,4,59,9,3,4,1,25,15,0,2,1,1,5,1,1,0,3,5,4,0,3,4,4,0,3,2,6,1,0,0,8,2,4,24,0,2,1,3,10,0,1,3,0,8,14,2,4,0,0,8,6,1,0
188,2021-04-05,0,0,0,0,3,10,3,1,1,0,5,3,0,0,1,0,2,1,0,0,1,3,1,0,0,1,0,0,1,0,2,2,0,0,6,0,0,5,0,1,0,1,2,8,1,1,0,2,10,0,0,0,1,1,0,2,0
189,2021-04-06,1,7,6,0,8,85,11,6,14,2,56,37,0,5,3,3,22,12,1,6,9,17,10,1,13,9,13,0,7,0,17,0,4,7,25,1,9,66,0,18,2,6,33,3,1,4,0,9,45,6,20,0,1,13,9,1,1
190,2021-04-07,6,13,2,0,22,117,12,13,5,2,69,29,0,1,5,3,35,11,8,4,10,20,19,4,11,9,11,0,9,1,13,1,3,2,36,3,10,66,0,18,7,11,36,1,2,10,1,20,79,4,13,0,2,24,15,4,3
191,2021-04-08,1,8,2,1,23,157,14,9,6,3,73,29,1,3,6,4,28,13,8,8,10,22,11,5,24,10,11,0,4,2,34,1,4,4,35,4,12,94,0,32,3,9,33,3,1,17,1,22,89,9,26,0,2,25,10,2,1
192,2021-04-09,0,6,8,0,25,155,21,13,9,0,84,28,4,2,11,5,29,8,8,6,12,38,24,4,24,22,22,0,5,3,19,1,2,2,33,7,8,133,0,41,8,7,46,6,4,8,4,25,88,8,17,2,0,31,5,5,1
193,2021-04-10,2,8,4,0,8,94,15,12,6,1,63,12,0,2,6,2,29,7,7,5,8,14,13,6,12,6,5,0,4,0,9,4,0,3,19,2,11,74,0,26,6,7,22,1,2,10,0,7,52,7,9,1,0,17,7,3,2
194,2021-04-11,3,7,1,0,7,88,4,7,4,3,50,17,0,4,7,3,7,5,5,7,4,10,11,0,6,14,6,0,4,2,9,2,1,3,11,1,5,45,0,17,4,7,23,2,0,2,1,21,48,6,9,0,0,12,9,0,0
195,2021-04-12,0,0,1,0,0,6,3,1,0,0,10,2,0,0,0,0,4,1,0,1,1,3,1,0,2,1,2,0,0,0,3,1,1,0,7,0,2,9,0,2,0,0,6,0,1,0,0,3,6,0,6,0,0,1,3,0,0
196,2021-04-13,1,6,2,0,5,93,6,9,4,3,47,25,1,2,6,4,28,12,5,6,6,21,13,3,13,26,10,0,3,1,19,3,3,4,31,5,7,79,0,21,4,4,23,5,2,5,7,11,59,10,13,0,2,11,5,0,0
197,2021-04-14,0,4,1,0,8,123,15,10,9,3,62,24,0,6,5,4,31,11,3,6,14,28,14,2,19,14,7,0,8,1,22,2,4,13,28,3,16,81,0,27,3,7,42,0,1,7,0,13,96,7,15,0,2,20,10,2,3
198,2021-04-15,1,12,4,0,17,129,15,17,4,3,57,31,0,2,7,6,30,11,5,6,17,18,10,1,24,19,12,0,2,0,20,1,2,2,46,4,8,100,0,19,5,13,25,4,2,13,1,4,60,11,25,0,1,20,10,2,1
199,2021-04-16,1,10,3,0,15,138,12,3,3,1,58,24,2,1,11,2,21,7,6,8,10,20,19,2,19,16,10,0,6,0,13,1,5,4,25,2,7,70,0,26,5,6,34,6,4,6,2,5,60,9,18,2,0,19,14,2,1
200,2021-04-17,4,5,3,0,14,101,13,6,1,2,53,20,0,2,1,0,28,10,6,6,7,18,9,3,15,5,12,0,3,1,9,0,2,5,33,4,6,64,0,20,4,14,26,1,5,6,0,12,61,4,12,0,1,15,7,0,0
201,2021-04-18,1,2,0,0,6,35,5,1,1,0,17,12,0,1,2,0,9,2,4,1,1,3,2,0,6,3,2,0,2,0,1,0,0,1,9,0,1,19,0,6,0,3,10,0,1,1,0,3,16,1,2,0,0,2,2,0,0
202,2021-04-19,0,0,0,0,3,11,1,0,0,0,4,1,0,0,0,0,6,1,0,0,0,2,1,0,1,0,0,0,0,0,0,0,0,0,0,0,0,11,0,5,0,1,0,1,1,1,0,0,4,0,1,0,0,0,0,0,0
203,2021-04-20,3,4,2,0,11,98,6,9,5,2,43,19,0,2,3,0,28,4,6,7,10,20,10,2,16,8,11,0,3,0,12,0,2,3,33,0,11,69,0,15,9,4,28,14,1,7,3,11,44,4,8,0,2,8,9,1,0
204,2021-04-21,2,8,5,0,15,132,11,9,9,3,61,33,2,2,4,0,23,18,3,5,8,11,15,0,23,8,13,0,2,2,15,2,2,5,32,1,6,93,0,28,6,9,19,2,0,10,1,8,61,7,20,0,1,20,8,1,2
205,2021-04-22,0,4,1,0,8,64,3,4,5,0,29,15,0,0,4,0,13,4,7,5,4,5,10,1,16,21,5,0,1,1,9,1,0,1,25,3,4,53,0,10,4,6,19,1,2,7,0,4,37,2,10,1,1,17,5,4,1
206,2021-04-23,2,15,4,0,18,126,15,13,1,6,76,30,1,5,4,3,18,9,3,8,10,17,24,3,19,16,13,0,3,2,26,1,4,4,41,4,7,99,0,39,3,15,38,7,2,14,3,7,101,7,20,1,1,21,6,2,3
207,2021-04-24,2,8,3,0,7,103,15,5,5,2,63,24,0,1,2,3,16,14,1,11,12,17,19,0,18,8,7,0,0,2,14,1,2,1,25,2,4,65,0,13,0,6,22,4,0,7,2,17,48,3,19,1,0,10,8,2,0
208,2021-04-26,0,1,1,0,4,61,4,2,3,0,24,9,0,1,2,3,7,2,3,2,0,7,3,0,7,5,9,0,0,2,11,0,3,0,10,2,3,21,0,9,5,4,7,3,0,4,1,6,21,1,4,1,0,7,3,0,2
209,2021-04-27,1,4,1,0,10,93,6,6,3,0,37,18,0,2,2,0,21,10,4,3,4,12,9,1,11,11,9,0,2,0,14,2,2,1,15,1,2,59,0,10,0,5,19,1,1,5,0,4,48,4,13,0,0,12,4,3,2
210,2021-04-28,1,4,6,0,16,102,6,8,5,6,57,16,0,2,5,1,23,9,4,5,8,20,13,1,26,7,13,0,2,2,18,5,4,7,28,2,12,64,0,13,4,9,21,1,3,12,2,8,46,6,11,1,1,19,7,2,1
211,2021-04-29,3,1,5,0,8,87,6,8,2,4,45,23,0,4,2,5,20,10,6,4,6,7,15,1,18,11,8,0,1,1,10,0,1,2,26,3,6,54,0,22,2,11,17,2,2,10,2,10,41,4,19,1,1,19,6,1,3
212,2021-04-30,2,5,3,0,10,93,9,4,5,5,32,13,0,1,7,2,19,10,0,3,9,16,7,1,19,8,11,0,7,1,18,3,2,1,29,7,8,69,0,24,5,9,19,1,3,10,0,14,53,3,12,0,1,11,2,1,2
213,2021-05-01,0,6,1,0,10,82,6,9,4,5,51,22,0,0,3,0,13,7,2,8,6,9,14,0,10,7,7,0,5,1,8,2,2,2,29,0,9,47,0,24,4,6,20,1,2,7,3,8,57,5,9,0,2,11,6,2,0
214,2021-05-02,1,0,2,0,2,53,2,3,0,0,14,9,0,0,1,1,5,7,4,2,2,12,3,1,5,4,1,0,4,0,2,0,0,1,6,0,2,15,0,3,2,7,8,2,1,4,0,6,22,1,4,0,0,5,4,0,0
215,2021-05-03,0,0,0,0,0,2,0,0,0,0,2,2,0,0,0,0,0,1,0,1,0,4,0,0,0,0,0,0,0,0,1,0,0,0,0,0,1,2,0,0,0,0,1,0,0,1,0,1,1,1,0,0,0,2,0,0,0
216,2021-05-05,1,5,2,0,8,57,7,4,5,3,47,11,0,0,1,2,11,4,3,4,5,6,11,0,15,2,4,0,3,0,20,0,0,3,23,1,5,41,0,12,2,3,12,4,1,9,0,6,34,6,8,0,3,9,2,5,1
217,2021-05-07,2,6,3,0,9,97,11,11,4,1,50,14,0,1,5,3,18,5,11,1,10,15,17,0,17,18,8,0,2,1,14,0,2,2,23,1,2,64,0,14,3,9,19,4,5,3,3,6,49,5,14,1,0,25,6,2,2
218,2021-05-11,1,5,2,1,6,78,5,6,0,0,36,25,0,2,3,2,7,8,2,6,1,14,6,1,7,7,7,0,3,0,13,2,6,2,19,4,5,44,0,14,3,7,14,0,1,6,1,3,42,2,4,0,1,8,5,1,1
219,2021-05-12,0,13,6,0,3,66,5,3,5,1,43,14,1,2,1,4,13,0,1,0,11,9,4,1,7,6,6,0,13,5,9,1,1,0,16,3,6,48,0,9,3,4,11,6,0,2,0,3,26,1,4,0,0,6,1,4,1
220,2021-05-13,0,1,0,0,0,17,2,1,3,0,10,3,2,0,0,0,8,0,1,0,2,0,1,0,1,2,2,0,3,0,2,0,2,0,0,0,0,11,0,2,1,1,3,2,0,0,0,1,15,1,1,0,0,2,2,2,0
221,2021-05-14,0,11,0,0,3,22,1,2,1,1,12,4,0,0,1,2,6,0,1,0,1,4,2,0,3,1,2,0,2,1,1,1,1,0,4,1,1,15,0,4,0,1,2,3,0,1,0,4,7,0,2,0,1,1,0,0,0
222,2021-05-15,1,4,2,0,3,10,1,1,0,1,16,7,1,1,0,3,3,0,1,2,2,4,3,1,5,1,0,0,1,0,3,0,0,0,2,4,1,18,0,3,0,2,6,5,0,2,0,1,7,0,1,0,0,1,2,0,0
223,2021-05-16,0,0,0,0,0,5,1,0,0,0,4,1,0,1,0,0,1,0,0,0,3,0,0,0,0,0,1,0,1,0,0,0,0,1,1,0,0,2,0,2,1,1,4,2,0,0,0,0,1,0,0,0,0,3,0,0,0
224,2021-05-17,0,0,0,0,0,3,0,0,0,0,0,1,0,0,0,0,1,0,0,0,0,0,0,0,0,0,1,0,0,0,0,0,0,0,1,0,0,2,0,0,0,0,0,0,0,0,0,0,1,0,1,0,0,0,0,0,0
225,2021-05-18,6,6,2,0,12,142,18,16,10,5,96,49,0,6,8,1,27,17,6,11,14,41,33,3,34,13,12,1,5,1,35,1,24,2,32,6,11,127,0,34,11,11,38,1,4,9,4,9,95,11,18,2,1,23,6,5,2
226,2021-05-19,0,0,0,0,3,11,3,0,1,0,6,6,0,0,0,3,1,1,1,0,3,4,1,0,1,2,0,0,2,0,2,1,1,0,3,1,1,6,0,1,2,1,3,0,0,0,0,0,6,0,3,0,0,5,1,0,0
227,2021-05-20,0,3,0,0,2,20,1,0,1,0,14,3,1,0,1,0,2,1,2,0,2,2,1,0,3,3,2,0,1,0,10,0,0,0,5,1,3,6,0,4,0,2,7,5,0,3,0,3,12,0,3,0,0,2,2,0,0
228,2021-05-21,0,4,0,0,2,28,2,2,1,1,17,4,0,0,0,1,7,1,0,2,7,3,5,0,3,0,1,0,1,0,7,1,1,0,7,0,1,16,0,4,0,1,4,1,2,4,0,2,12,4,4,0,0,3,0,0,0
229,2021-05-22,0,0,0,0,3,32,2,0,0,0,8,3,0,1,0,0,1,1,0,1,0,0,0,0,3,1,1,0,1,0,1,0,0,0,3,0,1,12,0,0,0,1,1,0,0,1,0,1,8,0,2,0,0,2,0,1,1
230,2021-05-23,2,1,0,0,3,27,1,1,0,0,11,5,0,1,1,1,1,1,1,0,2,1,0,0,5,3,1,0,2,1,3,0,0,0,3,2,2,14,0,2,0,1,6,1,0,1,0,5,10,0,3,0,0,2,0,0,0
231,2021-05-25,0,0,0,0,1,32,1,1,2,0,8,4,1,0,0,0,4,0,1,1,0,2,1,0,3,1,1,0,1,0,5,0,0,0,14,0,1,15,0,4,9,1,7,0,0,0,1,1,11,1,2,0,1,1,0,0,0
232,2021-05-26,0,5,0,0,3,39,8,0,2,0,23,8,0,2,0,0,7,2,0,1,2,1,6,0,6,1,2,0,1,1,4,0,3,0,6,0,3,23,0,2,1,1,6,0,0,3,1,2,17,0,5,0,0,6,2,0,1
233,2021-05-27,0,1,1,0,6,62,8,3,2,0,19,4,0,1,1,0,12,1,1,0,4,7,9,1,6,5,4,0,1,0,3,0,0,1,12,1,1,39,0,13,2,4,8,2,1,1,0,3,33,2,3,0,0,1,1,3,0
234,2021-05-28,0,1,0,0,1,21,2,0,1,1,18,7,1,2,0,0,2,2,1,1,3,2,1,0,5,1,3,0,3,0,2,0,1,0,10,0,1,25,0,8,0,1,8,0,1,0,0,1,12,1,7,0,1,1,0,1,1
235,2021-05-29,0,2,0,0,1,26,2,1,1,1,12,4,0,2,0,1,4,2,1,1,2,4,1,0,4,4,2,0,13,0,3,2,1,1,8,0,1,21,0,3,2,0,5,6,0,1,0,3,13,1,2,0,0,3,0,0,0
236,2021-06-15,1,0,1,0,2,25,6,1,1,0,15,5,1,0,0,0,6,1,2,0,2,3,4,0,1,4,1,0,0,0,2,0,0,0,8,1,2,21,0,4,1,0,3,0,0,0,0,3,11,0,1,0,0,0,1,0,0
237,2021-06-16,0,0,0,0,0,1,0,0,0,0,0,0,0,0,0,0,0,0,0,0,0,0,0,0,0,0,0,0,0,0,0,0,0,0,0,0,0,0,0,0,0,0,0,0,0,0,0,0,0,0,0,0,0,0,0,0,0
238,2021-06-22,0,0,2,0,3,14,3,2,0,2,13,4,0,0,0,0,4,2,0,0,1,1,8,0,6,2,3,0,0,1,3,0,0,0,12,1,0,24,0,0,0,0,10,4,0,2,0,4,14,1,2,0,0,2,0,1,0
239,2021-06-29,0,0,0,0,1,8,0,1,0,2,9,3,0,0,0,0,3,1,1,2,5,1,3,0,5,0,2,0,0,0,1,0,0,0,1,0,1,8,0,2,1,0,1,2,0,0,0,0,11,0,1,0,0,1,2,0,0
240,2021-06-30,0,0,0,0,0,3,1,0,1,1,1,0,0,0,0,0,3,0,0,0,0,1,1,0,0,1,0,0,0,0,0,0,0,0,1,0,0,3,0,1,0,1,1,1,0,0,0,0,5,0,0,0,0,0,1,0,0
241,2021-07-19,0,0,0,0,0,0,0,0,0,0,0,0,0,0,0,0,1,0,0,0,0,0,0,0,0,0,0,0,0,0,0,0,0,0,0,0,0,0,0,0,0,0,0,0,0,0,0,0,0,0,0,0,0,0,0,0,0
